X,Y,Z
6.3432,7.2837,-0.041
2.3728,0.8326,-0.0409
2.1823,4.7824,-0.0407
2.3648,4.681,-0.04
6.3334,3.4438,-0.0398
2.1848,0.9342,-0.039
2.1915,-6.7756,-0.039
2.189,8.6271,-0.0389
6.5254,7.1862,-0.0383
2.1851,-2.9186,-0.0378
2.3657,8.5291,-0.0375
6.5247,3.3441,-0.0374
1.6725,4.3383,-0.0371
2.3745,-6.8669,-0.0371
2.3756,-3.0176,-0.0368
2.4488,4.3873,-0.0365
3.2047,3.0844,-0.0365
2.4466,8.2335,-0.0362
1.6787,8.192,-0.0361
3.207,6.9268,-0.0361
1.6706,0.4959,-0.0358
6.3292,11.137,-0.0357
3.2091,-0.766,-0.0356
5.8303,6.8554,-0.0356
1.6798,-3.3586,-0.0353
1.4722,0.4971,-0.0352
6.3334,-0.4027,-0.0348
1.4763,4.3442,-0.0346
6.521,-0.5078,-0.0346
1.4769,8.1947,-0.0345
5.6246,6.8562,-0.0345
5.8313,3.0039,-0.0344
2.4492,0.5376,-0.0343
2.4441,-7.1587,-0.0343
3.3738,6.8067,-0.034
3.3762,2.9602,-0.0339
1.4761,-3.347,-0.0339
5.6252,3.011,-0.0338
6.5206,11.0406,-0.0337
3.202,10.7853,-0.0336
2.1888,-10.6176,-0.0336
5.8279,10.6976,-0.0334
1.6782,-7.2064,-0.0333
3.1797,0.7946,-0.0331
2.8489,0.5353,-0.0331
3.2051,-8.466,-0.0331
-1.9581,-0.4089,-0.033
2.854,4.3851,-0.033
6.5944,6.893,-0.033
2.854,8.2338,-0.0328
-0.9508,5.5833,-0.0327
3.1835,4.6506,-0.0327
2.373,-10.7156,-0.0327
5.8254,-0.8524,-0.0327
2.4446,-3.3136,-0.0326
6.5943,3.0456,-0.0326
3.2084,-4.6187,-0.0325
6.5236,-4.3584,-0.0325
1.4828,-7.1995,-0.0324
-1.96,3.439,-0.0323
7.345,9.4335,-0.0323
5.0619,7.2793,-0.0322
2.378,12.3725,-0.0321
-1.7789,7.1997,-0.032
-1.9605,-4.257,-0.032
0.9081,0.9268,-0.032
-1.7753,-4.3586,-0.0318
5.6271,10.7049,-0.0318
2.8561,-7.1609,-0.0317
-1.7734,-0.5084,-0.0316
3.938,-2.4661,-0.0316
3.3723,-0.8883,-0.0316
-1.9633,7.2886,-0.0315
-1.9557,-8.1078,-0.0315
3.9363,5.2258,-0.0315
5.064,3.4309,-0.0315
-0.94,9.4389,-0.0314
3.1858,8.4989,-0.0314
4.298,5.0714,-0.0314
-0.938,-9.8156,-0.0312
0.9118,4.7702,-0.0311
-2.469,-0.8448,-0.031
-1.7701,-8.2093,-0.031
3.9491,4.8684,-0.031
2.3788,-14.5693,-0.031
3.3779,-4.7405,-0.0309
-1.9561,-11.9665,-0.0308
2.1837,12.4779,-0.0308
1.6839,-11.0515,-0.0308
0.9169,-6.7742,-0.0307
2.853,-3.3131,-0.0307
7.3574,5.5877,-0.0307
-0.9493,1.7353,-0.0306
6.3255,-4.2489,-0.0305
3.3744,-8.5862,-0.0304
3.9394,1.3791,-0.0303
5.058,11.1274,-0.0303
4.2908,4.787,-0.0303
-0.9439,-5.9599,-0.0302
4.2931,8.9241,-0.0302
7.355,1.7408,-0.0301
-1.7762,3.3453,-0.03
-0.7732,5.4685,-0.03
-1.7019,-0.8053,-0.03
4.29,8.6354,-0.03
4.8545,3.4428,-0.03
4.2958,1.2232,-0.03
0.7013,0.9274,-0.0299
1.476,-11.0488,-0.0299
-0.7659,-9.9317,-0.0298
-1.7042,6.8933,-0.0297
-2.4721,6.8473,-0.0297
-0.9415,-2.1094,-0.0297
0.9172,-2.9267,-0.0297
3.3739,10.6557,-0.0296
3.9513,1.0236,-0.0296
2.4452,-11.0101,-0.0296
5.6261,-0.8381,-0.0295
6.3306,-8.0988,-0.0295
-2.4686,-8.5412,-0.0294
0.7037,-2.9224,-0.0294
4.3005,5.664,-0.0294
-2.469,3.0012,-0.0293
-2.4765,-4.6974,-0.0293
0.9132,8.621,-0.0293
4.0248,5.9836,-0.0293
3.4766,0.8455,-0.0293
6.598,10.7405,-0.0293
3.9469,8.7156,-0.0292
3.1819,-6.8962,-0.0292
-1.7045,3.0458,-0.0291
6.5237,-8.2075,-0.0291
2.4474,12.0858,-0.029
-6.108,-10.6138,-0.0289
-8.1391,-14.1432,-0.0289
-2.6715,-0.8436,-0.0288
3.181,-3.043,-0.0288
0.711,-6.7747,-0.0288
4.3972,5.8432,-0.0288
7.0054,6.894,-0.0288
-1.2953,6.8954,-0.0287
-0.7677,-6.0879,-0.0287
3.4845,8.5485,-0.0287
3.48,4.6994,-0.0287
4.0662,4.1934,-0.0286
4.8452,7.2947,-0.0286
-1.7001,-4.6508,-0.0285
3.4109,8.217,-0.0285
5.0613,-0.4111,-0.0285
6.6048,-0.8036,-0.0284
-0.7696,1.6181,-0.0283
-1.7721,-12.0588,-0.0283
-1.7043,-8.5017,-0.0283
3.9331,9.0797,-0.0283
0.777,-3.3276,-0.0283
-6.1065,-6.7689,-0.0282
4.0648,8.0458,-0.0282
3.874,8.2966,-0.0282
3.5733,4.4829,-0.0281
5.8284,-4.6921,-0.0281
-2.6771,6.8516,-0.028
-2.6719,3.0041,-0.028
0.6996,4.7783,-0.0279
7.5233,9.3124,-0.0279
-0.7695,-2.2312,-0.0278
4.0262,9.8301,-0.0278
3.6735,0.9063,-0.0278
2.1871,-14.4681,-0.0278
-1.96,11.1303,-0.0277
0.7043,8.6299,-0.0277
5.8229,-8.5423,-0.0277
-2.6744,-4.6932,-0.0276
-2.6756,-8.5366,-0.0276
4.0233,2.1364,-0.0276
0.9193,-10.623,-0.0276
7.3578,13.2899,-0.0276
-0.7713,9.3128,-0.0275
3.8696,4.6922,-0.0275
3.404,4.3673,-0.0275
4.0246,-1.7124,-0.0275
4.301,1.8221,-0.0275
-1.2947,3.0429,-0.0274
1.6757,12.0378,-0.0274
3.5748,8.3299,-0.0274
0.7697,0.5231,-0.0274
3.9518,-6.6796,-0.0274
3.9325,-6.3169,-0.0274
7.5219,5.4667,-0.0274
7.0024,3.0447,-0.0274
-5.9236,-10.7136,-0.0273
4.8541,11.1372,-0.0273
3.6731,4.7555,-0.0272
3.8623,4.4465,-0.0272
0.7106,-10.6166,-0.0272
3.6741,8.6011,-0.0271
4.0244,3.5439,-0.0271
3.9525,-2.8359,-0.0271
4.3001,9.516,-0.0271
5.6244,-4.6881,-0.0271
-6.6198,-7.2051,-0.027
-1.7769,11.0355,-0.027
-1.294,-0.8028,-0.027
4.3991,1.9966,-0.027
4.2857,0.9461,-0.027
-2.6737,-12.3871,-0.0269
4.3966,9.6959,-0.0269
0.1484,6.4144,-0.0268
0.1442,2.2795,-0.0268
0.7739,4.3732,-0.0267
4.0647,0.3488,-0.0267
7.3281,7.156,-0.0267
0.1445,6.1308,-0.0266
0.9225,-14.4753,-0.0266
3.2051,-12.318,-0.0266
4.851,-0.4099,-0.0266
-6.1026,-2.9198,-0.0265
-0.1143,-3.0618,-0.0265
1.4723,12.0385,-0.0265
4.0225,7.3921,-0.0265
0.1497,2.5659,-0.0265
0.1371,1.2608,-0.0265
3.9439,3.361,-0.0265
5.6337,-8.5337,-0.0265
-5.9185,-3.0187,-0.0264
-6.813,-3.3478,-0.0264
-5.0866,-8.4635,-0.0264
4.0643,-3.5013,-0.0264
-3.2281,-0.4164,-0.0263
-2.4709,-12.3897,-0.0263
3.696,8.1626,-0.0263
2.8531,-11.0043,-0.0263
6.5963,-4.647,-0.0263
-6.617,-11.0516,-0.0262
3.4005,0.5113,-0.0262
7.0029,10.744,-0.0262
-5.0916,-4.62,-0.0261
-1.701,10.7427,-0.0261
3.9403,6.6636,-0.0261
-5.8471,-7.158,-0.026
-3.2309,-4.2668,-0.026
-1.7071,-12.348,-0.026
3.9822,6.3735,-0.026
3.4794,-2.9987,-0.026
-2.4661,10.6971,-0.0259
-5.8498,-11.0058,-0.0258
-0.9623,-0.5435,-0.0258
3.8723,8.5369,-0.0258
0.2434,7.1848,-0.0258
0.7665,8.2203,-0.0258
3.8712,0.8452,-0.0258
3.865,4.2247,-0.0258
3.5765,0.6326,-0.0258
7.3361,3.3135,-0.0258
-6.6174,-3.3567,-0.0257
-3.2275,-8.1178,-0.0257
3.958,12.5646,-0.0257
3.4869,-6.8497,-0.0257
4.287,7.6109,-0.0257
4.2922,-2.9089,-0.0257
-5.0874,-12.323,-0.0256
-1.2935,-4.6523,-0.0256
4.0922,2.6703,-0.0256
0.2709,0.5606,-0.0256
3.674,-6.7869,-0.0256
0.1393,-9.2635,-0.0256
7.525,1.6198,-0.0256
-6.8117,-7.2017,-0.0255
-3.4411,3.4369,-0.0255
0.1413,-1.5672,-0.0255
-3.9945,1.2195,-0.0254
0.5958,0.6208,-0.0254
8.1773,4.6349,-0.0254
-0.0449,5.1826,-0.0253
-3.9933,-2.6327,-0.0253
0.1421,9.9789,-0.0253
3.9383,2.8176,-0.0253
0.5957,4.4643,-0.0253
0.1521,-8.9877,-0.0253
4.2055,5.9357,-0.0253
4.9201,6.8848,-0.0253
-6.8242,-11.0455,-0.0252
3.9438,7.2079,-0.0252
3.6957,4.3108,-0.0252
0.1418,-5.4165,-0.0252
4.023,-5.5641,-0.0252
4.2916,12.7641,-0.0252
-4.002,-6.477,-0.0251
-0.1117,-6.9075,-0.0251
-0.0434,-6.3649,-0.0251
0.707,12.476,-0.0251
3.1877,12.3458,-0.0251
3.9837,-1.3275,-0.0251
0.5972,-7.0766,-0.0251
7.3538,-2.109,-0.0251
4.2981,-6.4792,-0.0251
-0.1134,4.6429,-0.025
-0.0461,1.336,-0.025
-0.9569,-4.3939,-0.025
-1.2918,-8.4987,-0.025
3.937,6.934,-0.025
3.9379,3.0878,-0.025
3.8676,0.3797,-0.025
3.8615,0.5976,-0.025
0.2723,-7.1332,-0.025
7.0051,-0.802,-0.025
5.0653,-8.1178,-0.025
3.8718,8.078,-0.0249
0.1482,-1.2855,-0.0249
0.7054,-14.4713,-0.0249
-0.9661,7.1564,-0.0248
-3.2362,3.4319,-0.0248
-4.0006,-10.3273,-0.0248
0.1479,10.2617,-0.0248
3.6985,0.4612,-0.0248
3.576,-3.2151,-0.0248
7.3347,11.0033,-0.0248
4.2854,3.7648,-0.0248
4.3006,-2.0302,-0.0248
3.9839,2.5196,-0.0247
3.9356,-10.1611,-0.0247
4.2953,-2.628,-0.0247
-3.4404,-0.4125,-0.0246
-3.4362,-11.9565,-0.0246
-0.9401,-13.6653,-0.0246
3.9435,12.9284,-0.0246
4.0867,6.8067,-0.0246
4.098,7.0813,-0.0246
0.5904,8.3118,-0.0246
3.6799,-2.9386,-0.0246
0.1514,-5.1354,-0.0246
3.9486,-10.5235,-0.0246
4.2926,-6.7586,-0.0246
-5.9244,-6.8642,-0.0245
-1.2907,10.7448,-0.0245
-0.2004,-15.3587,-0.0245
4.1008,10.3711,-0.0245
0.2645,4.4163,-0.0245
3.3968,-3.3334,-0.0245
3.4022,-7.1857,-0.0245
4.2869,11.4608,-0.0245
5.0649,-4.2625,-0.0245
-7.5868,-14.4626,-0.0244
-3.9991,5.0745,-0.0244
-0.0496,5.4656,-0.0244
-0.1095,-10.7617,-0.0244
4.0266,-9.4145,-0.0244
0.1516,-12.8399,-0.0244
3.1903,-14.6001,-0.0244
4.3642,6.0924,-0.0244
-7.5821,-10.6195,-0.0243
-6.1056,-14.4666,-0.0243
-0.1123,0.7892,-0.0243
0.9177,12.4686,-0.0243
3.2146,14.6297,-0.0243
3.8614,-3.2472,-0.0243
3.5755,-7.0608,-0.0243
4.9145,3.0312,-0.0243
6.3327,-11.9515,-0.0243
-7.3694,-14.4817,-0.0242
2.8625,12.0855,-0.0242
4.0904,6.5237,-0.0242
0.1515,3.1626,-0.0242
0.5918,-3.2281,-0.0242
0.2539,-8.2129,-0.0242
8.1802,8.4924,-0.0242
8.0868,3.8894,-0.0242
7.3465,-5.9597,-0.0242
-3.2371,7.2833,-0.0241
-0.9659,3.3082,-0.0241
-0.2075,5.3272,-0.0241
8.0844,7.7409,-0.0241
8.185,-3.0591,-0.0241
-7.3746,-10.6224,-0.024
-0.0507,-1.9606,-0.024
-3.225,-11.9678,-0.024
0.1373,8.9547,-0.024
4.0924,2.9562,-0.024
3.9412,-0.4892,-0.024
0.1394,-6.4444,-0.024
3.1834,-10.7439,-0.024
-4.9136,-8.5874,-0.0239
-5.9218,-14.5553,-0.0239
-0.0489,9.0356,-0.0239
-0.0442,-2.5188,-0.0239
0.265,8.2664,-0.0239
0.1525,7.0106,-0.0239
0.7661,-7.1704,-0.0239
-5.0874,-0.7658,-0.0238
-0.1202,8.4932,-0.0238
-0.1619,1.181,-0.0238
-4.0845,-9.4624,-0.0238
3.4838,12.3966,-0.0238
0.1376,5.1071,-0.0238
0.139,-2.592,-0.0238
3.8745,-3.0039,-0.0238
3.9439,-0.7596,-0.0238
4.211,2.0858,-0.0238
7.334,-0.5398,-0.0238
6.5946,-8.4938,-0.0238
7.3592,-9.8152,-0.0238
-0.1632,8.88,-0.0237
-2.6784,10.7043,-0.0237
-0.2252,3.9045,-0.0237
-0.2106,1.7458,-0.0237
-0.0514,1.8929,-0.0237
-0.0474,-9.9366,-0.0237
-3.8688,-12.332,-0.0237
4.101,3.2309,-0.0237
4.3583,2.2464,-0.0237
-4.9171,-12.4381,-0.0236
-0.0542,9.3157,-0.0236
-0.1687,5.0282,-0.0236
-0.2137,5.8644,-0.0236
-3.9928,0.9404,-0.0236
-3.4385,-4.2592,-0.0236
-0.967,-8.2398,-0.0236
-3.9026,-9.5493,-0.0236
-3.9931,-9.7232,-0.0236
-0.7358,-8.5285,-0.0236
3.9898,10.2199,-0.0236
3.9375,10.5129,-0.0236
0.2473,3.3407,-0.0236
4.1016,-1.1681,-0.0236
0.1402,-10.2943,-0.0236
3.9791,-9.0251,-0.0236
3.8641,-7.0984,-0.0236
0.4329,-7.2215,-0.0236
6.5266,-12.0563,-0.0236
-0.9403,13.2856,-0.0235
-3.8966,-5.6991,-0.0235
-4.0053,-6.7535,-0.0235
0.1367,4.0353,-0.0235
0.2473,-0.5108,-0.0235
3.8714,-6.8519,-0.0235
4.2069,9.7849,-0.0235
-5.1008,-14.5974,-0.0234
-0.0526,-6.0843,-0.0234
-0.0379,-10.2194,-0.0234
0.1547,-8.3842,-0.0234
-0.2117,1.474,-0.0233
-0.7395,-0.8194,-0.0233
-0.0498,-9.6555,-0.0233
3.9394,-1.0311,-0.0233
4.0311,-0.3013,-0.0233
0.2135,-7.9609,-0.0233
0.769,-11.0227,-0.0233
4.256,6.2666,-0.0233
-4.0036,4.7897,-0.0232
-0.1239,6.0497,-0.0232
-0.1938,-0.3208,-0.0232
-3.4373,-8.1119,-0.0232
4.2832,-0.084,-0.0232
4.2988,-10.3256,-0.0232
-5.4372,-11.0086,-0.0231
-0.2133,9.4433,-0.0231
-0.7377,6.8788,-0.0231
-3.9987,-10.6056,-0.0231
4.0927,-0.8945,-0.0231
0.062,-8.1228,-0.0231
4.3063,13.3688,-0.0231
4.7409,6.9737,-0.0231
-6.1035,0.9297,-0.023
-4.3528,-10.1692,-0.023
-0.2151,7.7391,-0.023
-0.6691,3.3631,-0.023
-0.0508,5.7383,-0.023
-0.0872,6.7032,-0.023
-0.0526,1.6166,-0.023
-0.0501,-5.8056,-0.023
0.21,3.5852,-0.023
4.065,-7.3447,-0.023
4.4037,13.5437,-0.023
-7.3735,-2.9247,-0.0229
-0.9629,11.0035,-0.0229
-0.2135,5.5928,-0.0229
-3.9969,-2.0292,-0.0229
-0.7391,-4.6769,-0.0229
-3.9899,-14.1804,-0.0229
0.1503,-0.687,-0.0229
4.1016,-0.6154,-0.0229
4.1037,-8.8696,-0.0229
4.9196,10.731,-0.0229
7.5291,-2.2329,-0.0229
-5.9237,0.8383,-0.0228
-5.8538,-3.3104,-0.0228
-0.206,2.0182,-0.0228
-0.0535,-2.2332,-0.0228
-0.1101,-14.6098,-0.0228
0.1347,0.3946,-0.0228
4.0258,-4.1531,-0.0228
-0.0496,9.5867,-0.0227
-0.1201,-1.639,-0.0227
3.9387,10.7851,-0.0227
3.9402,-4.34,-0.0227
3.9579,-14.3858,-0.0227
7.6343,11.0656,-0.0227
4.7398,3.1282,-0.0227
-0.2051,-9.53,-0.0226
-1.2907,-12.3508,-0.0226
4.069,11.8935,-0.0226
3.8663,-7.3168,-0.0226
3.3814,-12.4363,-0.0226
-0.1199,-9.346,-0.0225
-0.4569,-15.8287,-0.0225
4.0892,10.6507,-0.0225
3.9433,11.0555,-0.0225
4.0324,11.241,-0.0225
0.1392,0.1887,-0.0225
0.4345,0.4729,-0.0225
4.099,-5.0209,-0.0225
8.1813,12.3373,-0.0225
-6.6205,4.3352,-0.0224
-3.999,8.9191,-0.0224
-3.9938,5.6682,-0.0224
-4.0825,2.0903,-0.0224
-3.9025,-1.8524,-0.0224
-0.2042,-1.8274,-0.0224
-0.9565,-12.0892,-0.0224
0.212,-0.2629,-0.0224
0.1543,-4.5357,-0.0224
3.8757,-3.4727,-0.0224
4.0298,-7.9986,-0.0224
4.2587,10.116,-0.0224
4.3974,-1.8511,-0.0224
-6.6171,0.4922,-0.0223
-7.3746,-6.7782,-0.0223
-0.2094,9.1706,-0.0223
-4.0043,-2.906,-0.0223
3.4092,12.0572,-0.0223
0.4399,4.3214,-0.0223
0.2129,-4.1098,-0.0223
3.9384,-8.19,-0.0223
0.2769,-10.9824,-0.0223
7.525,13.1657,-0.0223
-5.0886,3.0837,-0.0222
-4.9204,-4.7356,-0.0222
-0.4656,-0.4348,-0.0222
-0.1676,-2.6656,-0.0222
-0.5738,-0.7066,-0.0222
-0.1618,-6.5163,-0.0222
-3.3735,-8.515,-0.0222
-1.7665,-15.8989,-0.0222
-0.9516,-15.9387,-0.0222
3.6779,12.4529,-0.0222
3.9826,-5.1762,-0.0222
4.0959,-4.4633,-0.0222
3.4757,-10.6951,-0.0222
7.007,-4.6536,-0.0222
-0.1197,9.9026,-0.0221
-0.1192,2.2037,-0.0221
-3.9948,-5.8787,-0.0221
4.0975,10.9291,-0.0221
0.2704,-3.2823,-0.0221
0.0607,-4.2721,-0.0221
3.695,-3.3858,-0.0221
4.3055,-5.8707,-0.0221
-3.9339,-9.2997,-0.022
0.1336,4.2422,-0.022
8.182,0.7922,-0.022
4.9202,-0.816,-0.022
-8.1455,-9.2637,-0.0219
-3.8878,1.9941,-0.0219
-0.2098,-6.2225,-0.0219
-3.9904,-13.5715,-0.0219
0.0588,3.4293,-0.0219
3.6785,-10.6445,-0.0219
8.2577,5.1794,-0.0219
4.8513,-8.107,-0.0219
-4.005,8.6418,-0.0218
-0.6654,7.2075,-0.0218
-0.6621,-0.4949,-0.0218
-3.3777,-0.8217,-0.0218
-0.207,-5.951,-0.0218
-3.9983,-15.4847,-0.0218
-3.5519,-12.273,-0.0218
0.1572,10.8593,-0.0218
0.1324,8.0933,-0.0218
0.0616,-0.4239,-0.0218
3.9358,-8.4593,-0.0218
0.1473,-14.1473,-0.0218
6.6018,14.5921,-0.0218
7.6276,7.2107,-0.0218
4.415,6.9233,-0.0218
8.1048,3.5301,-0.0218
-6.8138,0.5032,-0.0217
-4.2645,-5.5669,-0.0217
-8.1462,-8.9855,-0.0217
-3.9949,1.8208,-0.0217
-0.4394,-0.8736,-0.0217
-4.081,-13.3142,-0.0217
0.2131,7.439,-0.0217
4.292,12.4874,-0.0217
4.2863,6.5424,-0.0217
7.554,6.8724,-0.0217
-6.1108,4.7865,-0.0216
-0.7756,13.1655,-0.0216
-0.2079,-10.0683,-0.0216
0.1383,7.8876,-0.0216
0.4349,8.1697,-0.0216
0.1119,-3.9381,-0.0216
3.9349,-4.8779,-0.0216
4.0896,-4.7405,-0.0216
0.4343,-3.3763,-0.0216
0.1375,-7.3025,-0.0216
8.0945,11.2361,-0.0216
5.826,14.5467,-0.0216
4.3534,9.9505,-0.0216
-4.3371,-10.5274,-0.0215
-8.1387,-12.839,-0.0215
-0.6699,-4.3412,-0.0215
-0.0855,-8.6895,-0.0215
-3.2211,-15.813,-0.0215
0.1111,7.609,-0.0215
3.6892,-7.2331,-0.0215
4.0623,-11.1961,-0.0215
4.2043,-1.7607,-0.0215
-7.5878,-2.9203,-0.0214
-5.8429,0.5415,-0.0214
-5.4319,-3.3132,-0.0214
-0.2151,0.0444,-0.0214
-0.74,3.0305,-0.0214
-0.666,-8.1874,-0.0214
-4.0305,-9.1292,-0.0214
-3.901,-13.395,-0.0214
7.6321,3.3631,-0.0214
4.2552,2.4223,-0.0214
-4.8044,-14.5508,-0.0213
-4.6057,-14.4905,-0.0213
-3.9927,9.5162,-0.0213
-0.2775,-0.7319,-0.0213
-4.0319,-12.9749,-0.0213
0.1421,-13.112,-0.0213
4.74,10.823,-0.0213
4.4199,3.073,-0.0213
-0.0872,2.8537,-0.0212
-4.0837,-1.762,-0.0212
-0.1858,-15.7114,-0.0212
3.3819,14.5109,-0.0212
3.8678,12.1488,-0.0212
3.4885,-14.552,-0.0212
8.2515,-2.2354,-0.0212
4.3885,-5.7028,-0.0212
-8.155,-10.2966,-0.0211
-0.1142,12.3341,-0.0211
-3.902,5.8461,-0.0211
-0.2123,-3.8075,-0.0211
0.7665,12.0714,-0.0211
0.1077,3.7623,-0.0211
0.2429,-12.0536,-0.0211
4.2854,6.7533,-0.0211
-5.8449,4.3872,-0.021
-4.3475,-14.0208,-0.021
-0.2113,9.7126,-0.021
-0.2081,-5.681,-0.021
-3.3769,-4.6657,-0.021
-3.5535,-8.4186,-0.021
0.137,-3.4579,-0.021
3.9374,-4.6112,-0.021
8.085,11.5838,-0.021
-5.4378,-7.1581,-0.0209
-0.2752,3.354,-0.0209
-0.5724,3.1406,-0.0209
-0.1237,-5.4939,-0.0209
3.8762,12.392,-0.0209
0.2492,11.0355,-0.0209
3.5716,12.1796,-0.0209
0.0959,-0.0881,-0.0209
0.2446,-4.3621,-0.0209
0.1109,-7.7847,-0.0209
4.8547,-4.2531,-0.0209
4.2999,-9.7223,-0.0209
-0.2086,-2.3807,-0.0208
-0.2126,-2.1013,-0.0208
-3.9362,-13.1482,-0.0208
4.4143,10.7723,-0.0208
8.253,9.0304,-0.0208
-7.5851,-6.7684,-0.0207
-4.3533,-6.3107,-0.0207
-3.9346,2.2465,-0.0207
0.1373,-3.6613,-0.0207
4.0925,-8.5867,-0.0207
7.8303,11.1125,-0.0207
8.1334,5.0336,-0.0207
-5.9281,8.5368,-0.0206
-3.9001,9.695,-0.0206
-0.7324,-12.3704,-0.0206
4.0279,13.6772,-0.0206
0.5924,12.1593,-0.0206
0.0573,7.2694,-0.0206
4.0971,-8.3136,-0.0206
0.1535,-12.233,-0.0206
8.2578,12.8849,-0.0206
7.8273,3.412,-0.0206
-4.9183,-0.8891,-0.0205
-4.2625,-13.266,-0.0205
-4.1904,-12.7226,-0.0205
-0.4718,7.2612,-0.0205
-0.4703,3.4134,-0.0205
-3.5559,-4.5696,-0.0205
-0.4604,-11.9862,-0.0205
-0.1649,-10.3638,-0.0205
-0.0466,-13.7827,-0.0205
8.1012,7.3718,-0.0205
4.2816,2.6953,-0.0205
7.3329,-4.3924,-0.0205
5.8282,-12.3901,-0.0205
-0.0875,10.5511,-0.0204
-4.013,-0.0861,-0.0204
-0.1944,-8.0222,-0.0204
-0.2093,-11.5053,-0.0204
-0.5749,-8.4063,-0.0204
-3.7125,-8.5601,-0.0204
-4.0011,-14.4535,-0.0204
-0.1194,-13.1934,-0.0204
3.933,-8.7286,-0.0204
4.288,10.3932,-0.0204
4.2085,-5.6114,-0.0204
-3.3777,3.0372,-0.0203
-4.0074,-11.6318,-0.0203
3.6951,-11.085,-0.0203
8.2557,1.3323,-0.0203
-6.8134,4.3503,-0.0202
-4.1873,-8.8718,-0.0202
-4.8793,-11.0306,-0.0202
-7.6913,-10.9352,-0.0202
-3.3714,6.8833,-0.0202
-0.1991,-4.1706,-0.0202
-4.0832,-5.612,-0.0202
-0.0874,-4.8432,-0.0202
-0.0408,-14.0666,-0.0202
-3.3802,-12.3619,-0.0202
3.8631,11.9232,-0.0202
3.5713,-10.9124,-0.0202
0.5963,-10.9249,-0.0202
4.5904,2.9841,-0.0202
7.0039,-8.4985,-0.0202
-4.9177,2.9609,-0.0201
-4.8075,-10.6978,-0.0201
-3.4468,7.2848,-0.0201
-0.2044,7.3774,-0.0201
-0.2823,6.9629,-0.0201
-0.2782,3.1151,-0.0201
0.064,11.1246,-0.0201
0.1391,-7.5078,-0.0201
3.8704,-10.7007,-0.0201
5.6312,14.5515,-0.0201
8.0913,9.1728,-0.0201
7.5538,3.0224,-0.0201
-4.2681,-9.4114,-0.02
-0.213,11.5858,-0.02
-0.7362,10.7241,-0.02
-0.083,-0.9972,-0.02
-3.9359,-5.4558,-0.02
-0.2191,-7.656,-0.02
-0.2104,-9.7978,-0.02
-0.2848,-8.4377,-0.02
8.1377,8.8754,-0.02
8.2488,9.32,-0.02
7.5313,-6.0786,-0.02
-7.3827,0.9248,-0.0199
-4.3352,-14.3768,-0.0199
-3.2341,11.1274,-0.0199
-0.2789,7.201,-0.0199
-0.1973,3.5258,-0.0199
-0.448,6.8214,-0.0199
-3.5502,-0.725,-0.0199
-0.4498,-8.5783,-0.0199
-0.0852,-12.5378,-0.0199
4.2825,10.5978,-0.0199
4.5839,6.8313,-0.0199
8.1033,-0.3201,-0.0199
8.0847,0.0322,-0.0199
-4.004,3.7627,-0.0198
-0.4685,-4.2855,-0.0198
3.6973,12.0098,-0.0198
0.1135,-11.6369,-0.0198
0.2116,-11.808,-0.0198
3.9401,-14.0173,-0.0198
4.2123,13.6349,-0.0198
8.0855,5.3188,-0.0198
8.1787,6.056,-0.0198
4.3628,-1.6017,-0.0198
4.7389,-0.7204,-0.0198
-5.1067,-3.0502,-0.0197
-8.1418,-5.1351,-0.0197
-8.1471,-5.4157,-0.0197
-0.2793,6.7338,-0.0197
-3.8809,3.0731,-0.0197
-3.8736,-8.4802,-0.0197
-1.9555,-15.8029,-0.0197
-0.2049,-13.3795,-0.0197
-6.106,8.6357,-0.0196
-5.108,-6.8984,-0.0196
-5.107,-10.7497,-0.0196
-0.2759,-4.3444,-0.0196
-4.0072,-7.7837,-0.0196
-0.4506,-4.7249,-0.0196
-0.5789,-4.5584,-0.0196
-0.7666,-13.7779,-0.0196
3.8575,-10.9452,-0.0196
4.3626,13.7904,-0.0196
-7.5244,-11.0181,-0.0195
-0.663,-12.0411,-0.0195
-0.5668,-12.2586,-0.0195
5.6242,-12.3848,-0.0195
-6.8143,8.1967,-0.0194
-5.0874,6.934,-0.0194
-0.0467,13.1667,-0.0194
-4.0889,5.9388,-0.0194
3.6888,-14.5007,-0.0194
-8.1452,-1.5578,-0.0193
-4.3445,-6.6769,-0.0193
-4.5918,-11.0846,-0.0193
-0.4469,10.6721,-0.0193
-0.5766,6.9905,-0.0193
-0.2765,-0.4949,-0.0193
-0.2802,2.8863,-0.0193
-4.0103,-3.9339,-0.0193
8.2537,13.1712,-0.0193
4.2908,-10.6065,-0.0193
5.069,-11.9641,-0.0193
-8.0435,-8.2005,-0.0192
-0.6629,11.0565,-0.0192
-1.6981,14.5914,-0.0192
-0.2808,10.5825,-0.0192
-3.9347,6.0947,-0.0192
-3.8807,-4.6285,-0.0192
0.4385,12.017,-0.0192
0.1354,-11.3585,-0.0192
8.0167,14.6606,-0.0192
7.5572,10.7166,-0.0192
-8.148,-1.2832,-0.0191
-8.0485,-12.0497,-0.0191
-3.7104,-0.8685,-0.0191
-0.4639,-8.1348,-0.0191
-0.1959,-11.8695,-0.0191
-0.4476,-12.4268,-0.0191
0.2694,12.105,-0.0191
0.1373,-11.1529,-0.0191
-0.5748,10.8353,-0.019
-3.9375,-1.6027,-0.019
4.0784,15.7395,-0.019
0.1407,11.9456,-0.019
0.2105,11.2808,-0.019
0.0627,-11.9749,-0.019
8.1364,12.7297,-0.019
4.2847,-3.9318,-0.019
-8.1491,-6.44,-0.0189
-7.8525,-11.0661,-0.0189
4.0244,-13.2588,-0.0189
4.2789,2.9002,-0.0189
4.3985,-9.5415,-0.0189
-0.0448,12.8833,-0.0188
-3.5629,3.1257,-0.0188
-0.2808,-8.1996,-0.0188
-0.0466,-13.5091,-0.0188
-3.7048,-12.4086,-0.0188
3.9916,14.0683,-0.0188
0.1103,11.4516,-0.0188
4.0337,-11.8488,-0.0188
7.8522,10.6723,-0.0188
8.2474,5.4648,-0.0188
-4.3539,1.3854,-0.0187
-4.3393,-2.8301,-0.0187
-4.2328,-7.3472,-0.0187
-4.2338,-11.1948,-0.0187
-0.4679,11.1081,-0.0187
-0.4449,2.9758,-0.0187
-0.2787,-8.6559,-0.0187
8.028,11.0433,-0.0187
7.8544,14.5161,-0.0187
8.2486,9.5837,-0.0187
4.9187,-8.5103,-0.0187
-5.9297,4.6847,-0.0186
-4.0916,9.7821,-0.0186
-4.0117,7.6107,-0.0186
-0.2763,10.8135,-0.0186
7.5589,14.5722,-0.0186
8.0246,3.3562,-0.0186
7.7185,6.9934,-0.0186
7.3343,-8.237,-0.0186
-4.3112,-9.0262,-0.0185
-0.2794,-4.8109,-0.0185
4.1005,14.2244,-0.0185
3.8662,-11.1671,-0.0185
4.2558,-1.4298,-0.0185
8.106,-4.171,-0.0185
4.3591,-5.4496,-0.0185
7.5282,-9.9286,-0.0185
-6.6187,8.1912,-0.0184
-8.0167,-7.1369,-0.0184
-3.4425,11.1324,-0.0184
-3.5546,6.9758,-0.0184
-3.8793,-0.7683,-0.0184
-0.2762,-4.5828,-0.0184
-4.011,-12.6991,-0.0184
0.1364,12.8025,-0.0184
3.8717,15.9969,-0.0184
3.4166,15.906,-0.0184
7.8228,7.2599,-0.0184
7.635,-0.4908,-0.0184
4.9139,-4.6559,-0.0184
-5.4394,0.5355,-0.0183
-0.2817,-0.9687,-0.0183
3.9528,14.9062,-0.0183
1.4872,15.9013,-0.0183
8.2529,-2.5152,-0.0183
-8.1454,-13.1048,-0.0182
-4.2651,-11.8521,-0.0182
-4.7191,-10.9178,-0.0182
-0.1594,12.7258,-0.0182
-3.4311,-15.7876,-0.0182
3.4026,-11.029,-0.0182
4.2671,13.9632,-0.0182
-4.6097,-10.6468,-0.0181
-7.6927,-7.0828,-0.0181
-8.0233,-10.9842,-0.0181
-0.6567,-15.8877,-0.0181
2.4568,15.937,-0.0181
0.4417,-11.0715,-0.0181
8.1374,1.1783,-0.0181
-4.2662,-7.9994,-0.018
-4.0097,-12.4883,-0.018
-0.1565,-14.2163,-0.018
4.5812,10.6799,-0.018
-4.8841,0.5204,-0.0179
-4.1993,-8.3141,-0.0179
-4.8803,-7.1834,-0.0179
-4.194,-12.4377,-0.0179
-3.9352,9.9388,-0.0179
-4.0295,-1.4259,-0.0179
3.8767,-14.5501,-0.0179
8.0998,13.5642,-0.0179
7.8515,2.9728,-0.0179
-5.4368,4.3895,-0.0178
-4.0314,-5.2806,-0.0178
-3.7087,-4.7136,-0.0178
-4.0055,-8.8445,-0.0178
8.0914,9.7225,-0.0178
8.2144,10.5516,-0.0178
4.5864,-0.8635,-0.0178
-4.3522,-4.8846,-0.0177
-4.4251,-7.0927,-0.0177
-4.3068,-12.8712,-0.0177
4.4268,14.6167,-0.0177
8.1809,2.208,-0.0177
4.7402,-8.4161,-0.0177
-8.1325,-8.3816,-0.0176
-4.5915,-7.2349,-0.0176
-4.4277,-10.9396,-0.0176
-4.0072,-8.6447,-0.0176
-0.2063,-13.9239,-0.0176
4.1028,-12.7228,-0.0176
4.2908,14.4508,-0.0176
8.0205,7.2035,-0.0176
8.1787,9.9023,-0.0176
7.8449,6.8211,-0.0176
4.2873,-7.7807,-0.0176
4.7456,-4.5729,-0.0176
-7.521,-3.3249,-0.0175
-4.1933,-12.1695,-0.0175
8.0864,9.4394,-0.0175
8.0926,5.8715,-0.0175
8.246,1.6122,-0.0175
4.2859,-1.1502,-0.0175
8.0917,-3.8105,-0.0175
8.1859,-6.9089,-0.0175
-7.3793,4.7735,-0.0174
-4.6119,-2.9509,-0.0174
-4.2646,-0.3033,-0.0174
-4.2307,-3.4953,-0.0174
-7.6942,-3.2361,-0.0174
-8.2333,-8.1214,-0.0174
-4.035,6.269,-0.0174
8.0894,13.0254,-0.0174
7.0141,14.5942,-0.0174
-4.6111,-6.7915,-0.0173
-7.5237,-7.1673,-0.0173
-4.0113,-5.0005,-0.0173
4.0356,15.0978,-0.0173
3.9436,-12.035,-0.0173
8.1755,13.7571,-0.0173
8.2161,6.7017,-0.0173
7.7217,3.1411,-0.0173
6.5941,-12.3477,-0.0173
-8.1764,-7.7891,-0.0172
-4.3497,-8.1877,-0.0172
-4.4255,-11.164,-0.0172
-3.3829,10.7315,-0.0172
-4.003,-1.1471,-0.0172
7.7251,14.6794,-0.0172
8.0177,6.9597,-0.0172
4.2619,-5.2768,-0.0172
-8.1508,-2.5984,-0.0171
-4.3602,-8.7266,-0.0171
-8.1337,-12.2326,-0.0171
-4.009,2.6992,-0.0171
-3.7074,2.978,-0.0171
-0.2118,-13.6426,-0.0171
0.1442,13.8264,-0.0171
0.1381,11.7385,-0.0171
3.9403,-12.5816,-0.0171
7.7227,10.8351,-0.0171
7.5649,-0.8221,-0.0171
-8.1744,-11.6456,-0.017
-4.4187,-14.5495,-0.017
-0.1947,11.2179,-0.017
-1.2805,14.5893,-0.017
7.8332,-0.4362,-0.017
-4.3554,-2.4664,-0.0169
-4.5892,-3.3871,-0.0169
-2.4679,14.5419,-0.0169
-4.01,2.9054,-0.0169
4.2945,14.2504,-0.0169
8.0181,10.8081,-0.0169
4.3654,-9.3018,-0.0169
4.8535,-11.9549,-0.0169
-4.3431,1.0221,-0.0168
-4.8894,-3.3374,-0.0168
-4.7145,-7.0671,-0.0168
-8.1522,-11.3495,-0.0168
-8.0815,-11.8055,-0.0168
4.7531,14.6627,-0.0168
8.0143,3.1134,-0.0168
-5.8487,8.2323,-0.0167
-8.1455,2.2858,-0.0167
-5.1119,0.801,-0.0167
-4.1884,-5.0227,-0.0167
-4.4254,-10.7008,-0.0167
-0.0471,13.439,-0.0167
-3.877,6.9206,-0.0167
-3.7069,6.8344,-0.0167
4.4203,-0.778,-0.0167
7.6301,-4.3434,-0.0167
4.2056,-9.4541,-0.0167
-8.1558,1.251,-0.0166
-7.5891,0.9314,-0.0166
-4.8141,0.844,-0.0166
-4.3502,-4.3423,-0.0166
-4.4287,-3.2431,-0.0166
-4.1953,-8.5876,-0.0166
-8.2252,-11.9665,-0.0166
-4.0345,10.1166,-0.0166
3.9478,14.369,-0.0166
8.0903,5.5984,-0.0166
4.4198,-4.6277,-0.0166
-5.4336,8.2342,-0.0165
-0.2048,13.0183,-0.0165
-0.2031,13.5656,-0.0165
-0.2785,-12.2787,-0.0165
-8.148,6.1326,-0.0164
-4.3619,5.2247,-0.0164
-4.8151,-3.0014,-0.0164
-4.4265,-7.3205,-0.0164
-4.0339,2.4194,-0.0164
0.1637,14.7093,-0.0164
0.1544,14.1071,-0.0164
2.8663,15.9316,-0.0164
8.2197,14.4048,-0.0164
-7.3794,8.6206,-0.0163
-4.2657,2.1443,-0.0163
-8.1334,-4.5291,-0.0163
-4.3086,-5.1726,-0.0163
-4.3474,-12.0404,-0.0163
-0.2731,11.051,-0.0163
-4.0054,6.75,-0.0163
-4.017,-4.7942,-0.0163
4.5996,14.5345,-0.0163
8.0196,10.5823,-0.0163
-4.3061,-1.3256,-0.0162
-8.0799,-7.9579,-0.0162
-4.3527,-12.5809,-0.0162
-0.1212,13.7496,-0.0162
-2.6658,14.5547,-0.0162
-0.2702,-15.8873,-0.0162
-0.2832,-12.507,-0.0162
0.1453,15.7876,-0.0162
8.0281,14.432,-0.0162
4.9254,14.5824,-0.0162
8.0233,6.7278,-0.0162
8.2487,1.8891,-0.0162
4.2832,-0.9444,-0.0162
4.261,-9.1237,-0.0162
-5.0888,10.777,-0.0161
-4.92,6.8075,-0.0161
0.2804,15.9559,-0.0161
3.8878,15.7653,-0.0161
8.0909,1.4698,-0.0161
-8.145,2.5647,-0.016
-8.0178,-3.289,-0.016
-0.2072,13.2935,-0.016
4.1014,14.5056,-0.016
4.5909,-4.7179,-0.016
7.3577,-13.6561,-0.016
-4.3401,4.8658,-0.0159
-4.4225,-6.849,-0.0159
-4.3577,-12.3035,-0.0159
-0.0744,14.4104,-0.0159
3.9873,-12.8709,-0.0159
8.0255,-0.4949,-0.0159
7.8549,-0.8756,-0.0159
-4.2665,-1.7117,-0.0158
-4.1998,-4.7393,-0.0158
-4.3526,-8.4559,-0.0158
-8.1515,-11.1515,-0.0158
-4.3528,-0.4869,-0.0157
-4.8107,-6.8455,-0.0157
-0.569,14.68,-0.0157
-4.2309,0.3499,-0.0156
-4.4302,0.6004,-0.0156
-8.0461,-4.3523,-0.0156
-4.2675,-4.1502,-0.0156
-4.4301,-3.4683,-0.0156
-4.7253,-3.2207,-0.0156
-8.1464,-7.2993,-0.0156
-3.5562,10.8269,-0.0156
1.6876,15.8867,-0.0156
0.4523,15.8774,-0.0156
4.0943,-12.4429,-0.0156
8.0879,13.2903,-0.0156
8.2425,5.7336,-0.0156
8.2157,2.8575,-0.0156
4.422,-8.4715,-0.0156
4.3017,-14.1764,-0.0156
-4.1958,-4.4659,-0.0155
-0.2751,-12.0444,-0.0155
0.0701,14.9666,-0.0155
8.1005,-2.3725,-0.0155
-4.5921,4.3089,-0.0154
0.2562,14.8937,-0.0154
-3.878,10.7713,-0.0153
3.9406,-12.3033,-0.0153
8.1845,-10.7579,-0.0153
-8.2288,-4.2707,-0.0152
-4.0109,-0.944,-0.0152
3.7021,15.8578,-0.0152
8.2535,13.4307,-0.0152
7.832,-4.287,-0.0152
-8.1502,5.1027,-0.0151
-7.5226,4.3726,-0.015
-8.1295,-0.6901,-0.015
-4.4252,-3.0029,-0.015
-0.2773,14.6591,-0.015
-4.0096,6.5422,-0.015
3.5843,16.0187,-0.015
0.7757,15.919,-0.015
8.139,-2.6732,-0.015
4.285,-4.7887,-0.015
7.6357,-8.1881,-0.015
8.26,-6.361,-0.015
7.8479,-4.7333,-0.015
-8.1409,6.4105,-0.0149
-4.1977,-0.8862,-0.0149
4.0979,-12.1607,-0.0149
-5.1047,4.649,-0.0148
-4.1925,-1.1719,-0.0148
-4.0067,10.3946,-0.0148
-3.7123,10.6809,-0.0148
3.9492,14.6315,-0.0148
8.0945,-1.8379,-0.0148
8.0934,2.0188,-0.0147
7.0065,-12.3457,-0.0147
-4.8164,4.7012,-0.0146
-8.2295,-0.4194,-0.0146
-8.176,-3.9412,-0.0146
8.0915,-7.6557,-0.0146
-6.1001,12.4822,-0.0145
-8.0433,-0.5086,-0.0145
-7.8498,-3.3654,-0.0145
-8.1445,-7.5045,-0.0145
-4.8825,4.3689,-0.0144
-4.5934,0.4623,-0.0144
-8.0814,-4.1065,-0.0144
0.2134,15.1255,-0.0144
7.726,-0.7078,-0.0144
-4.2295,4.1939,-0.0143
-4.3463,-1.0241,-0.0143
-4.7181,0.6296,-0.0143
4.113,14.7732,-0.0143
-4.2684,5.9902,-0.0142
-7.5271,0.5276,-0.0142
8.2507,-1.961,-0.0142
4.2931,-14.4543,-0.0142
-7.5891,4.774,-0.0141
-4.0082,10.5978,-0.0141
4.2851,-5.0023,-0.0141
-7.7004,0.6199,-0.014
4.2853,-8.8457,-0.014
-4.6136,0.9045,-0.0139
-7.8467,-7.2154,-0.0139
-0.4441,14.5216,-0.0139
0.1436,15.5837,-0.0139
7.5625,-8.5206,-0.0139
-4.4278,4.455,-0.0138
-8.0199,0.559,-0.0138
7.3369,-12.0875,-0.0138
7.8514,-8.5749,-0.0138
-4.3066,2.5251,-0.0137
-4.3588,-4.6074,-0.0137
8.1059,-8.0139,-0.0137
8.0198,-4.5803,-0.0137
5.0776,-15.8168,-0.0137
-4.4187,0.84,-0.0136
-0.7284,14.5655,-0.0136
8.0962,-6.22,-0.0136
-4.6166,4.7522,-0.0135
-4.3544,2.8166,-0.0135
-8.1509,-3.4541,-0.0135
8.1793,-1.6435,-0.0135
7.8328,-8.1344,-0.0135
8.2448,-6.0777,-0.0135
-7.5953,8.6315,-0.0134
-4.9136,10.6552,-0.0134
-4.7222,4.4815,-0.0134
0.1151,15.3007,-0.0134
8.0169,2.8916,-0.0134
8.0252,-4.3385,-0.0134
-4.3601,9.0806,-0.0133
-3.3768,14.5759,-0.0133
8.2219,-4.8384,-0.0133
7.557,-4.6779,-0.0133
-8.1462,9.9823,-0.0132
-8.1569,8.9502,-0.0132
-4.4285,0.3793,-0.0131
-0.269,14.4347,-0.0131
-4.4199,4.6913,-0.013
-4.2659,3.5438,-0.013
-8.1457,-3.6515,-0.013
4.2826,-8.6469,-0.013
4.2877,-11.63,-0.013
4.5847,-8.5665,-0.013
4.2646,-12.9799,-0.013
4.295,-15.4806,-0.013
-4.1958,3.2332,-0.0129
4.3951,-13.3946,-0.0129
-8.1411,10.2563,-0.0128
8.2563,-10.2138,-0.0128
0.6018,16.0074,-0.0127
8.2218,-0.9876,-0.0127
7.725,-4.5577,-0.0127
8.022,-8.4281,-0.0126
-8.1517,4.2476,-0.0125
-7.6951,4.4554,-0.0125
-8.076,-0.2561,-0.0125
-7.8545,0.4794,-0.0125
4.9171,-12.3618,-0.0125
-8.1368,3.1607,-0.0124
8.0202,-0.7329,-0.0124
4.2123,-13.3086,-0.0124
-5.109,8.5004,-0.0123
-5.849,12.083,-0.0123
-4.2303,8.0417,-0.0123
-4.8825,8.2236,-0.0123
-4.3562,3.3618,-0.0123
8.0936,1.7466,-0.0123
8.0942,-2.0967,-0.0123
6.5258,-15.9051,-0.0123
-4.27,9.8336,-0.0122
-8.2341,3.4325,-0.0122
4.3048,-13.5712,-0.0122
-6.6204,12.0386,-0.0121
-4.4277,8.2993,-0.0121
-4,12.7643,-0.0121
8.2526,-9.9351,-0.0121
-8.1561,0.3956,-0.012
8.1772,-5.4898,-0.012
4.4269,-12.3289,-0.012
-4.3098,6.3694,-0.0119
-4.4291,4.2271,-0.0119
8.0273,-0.9633,-0.0119
-5.9251,12.3782,-0.0118
-4.2684,7.3912,-0.0118
8.0946,-5.6793,-0.0118
-4.3584,-0.7607,-0.0117
8.2547,-14.0641,-0.0117
-4.3502,8.7196,-0.0116
-8.1752,-0.0921,-0.0116
-4.2059,2.9608,-0.0115
-4.1957,-0.6192,-0.0115
8.1349,-6.5151,-0.0115
8.0309,-4.807,-0.0115
8.0866,-11.5034,-0.0115
-7.5232,8.2216,-0.0114
-3.5498,14.6694,-0.0114
8.1839,-9.3389,-0.0114
-4.1967,6.5212,-0.0113
-4.1917,2.6733,-0.0113
6.3339,-15.8076,-0.0112
7.5303,-13.7786,-0.0112
8.1332,-10.369,-0.011
8.0972,-10.0697,-0.011
-4.3562,7.2056,-0.0109
-4.3602,3.0842,-0.0109
-4.0005,12.4877,-0.0109
8.0238,-8.1913,-0.0109
-8.0447,3.3436,-0.0108
4.8586,-15.8014,-0.0108
-8.1461,4.0446,-0.0107
-6.815,12.0443,-0.0106
4.3634,-13.1445,-0.0106
-8.1793,3.7623,-0.0105
-3.7041,14.5307,-0.0104
8.0991,-9.5315,-0.0104
-4.8121,8.5537,-0.0103
-4.425,8.5427,-0.0103
8.0876,-5.948,-0.0103
-4.6152,8.604,-0.0101
-4.1913,10.3718,-0.0101
-5.4362,12.08,-0.0101
-4.1966,7.0805,-0.0101
-8.0224,4.408,-0.0101
-7.8584,4.3275,-0.0101
8.256,-9.6579,-0.0101
-7.3801,12.4664,-0.01
-4.3596,6.9328,-0.01
7.7276,-8.4017,-0.01
-4.3537,6.664,-0.0099
8.2513,-5.8018,-0.0099
8.1875,-14.6056,-0.0099
4.7438,-12.2697,-0.0099
-7.6991,8.3155,-0.0098
8.0234,-8.6627,-0.0098
-4.3068,10.2236,-0.0097
-4.4257,8.077,-0.0097
-4.5968,8.1614,-0.0096
-7.8535,8.1732,-0.0096
-8.1448,0.1976,-0.0096
4.2843,-12.486,-0.0096
-8.2338,7.2768,-0.0094
8.2533,-13.7815,-0.0094
-4.352,10.5123,-0.0093
-8.1489,7.8914,-0.0093
-4.2022,6.8069,-0.0093
-4.1996,10.6557,-0.0092
-4.0076,11.4593,-0.0092
4.2842,-12.6979,-0.0092
-8.1359,7.011,-0.0091
7.8323,-11.9857,-0.0091
-8.0827,3.5921,-0.0089
8.1036,-11.8652,-0.0088
-8.0501,7.1839,-0.0087
7.6333,-12.0349,-0.0087
7.8485,-12.4261,-0.0087
8.2211,-8.6886,-0.0086
7.5557,-12.3757,-0.0086
-5.0835,14.6187,-0.0084
4.5901,-12.4091,-0.0084
-4.7236,8.3294,-0.0083
-3.9876,13.3708,-0.0083
-8.1761,7.6049,-0.0082
-3.8981,13.5457,-0.0082
-4.35,11.0565,-0.008
8.0963,-13.3848,-0.008
-8.0475,11.0374,-0.0079
-4.8802,12.0634,-0.0079
-8.0832,7.4345,-0.0079
-8.1463,13.8293,-0.0078
8.088,-9.7913,-0.0078
-8.1549,12.7976,-0.0077
-5.1034,12.3481,-0.0077
-4.8118,12.3995,-0.0077
-4.1954,10.9251,-0.0076
-8.1523,8.0911,-0.0076
-4.3424,12.5726,-0.0073
-4.3609,12.9293,-0.0073
-8.0228,8.2645,-0.0073
-7.5932,12.4807,-0.0072
-8.1782,11.4526,-0.0072
-4.5919,12.009,-0.0072
7.6389,-15.8808,-0.0072
8.0912,-15.3532,-0.0072
8.0172,-12.276,-0.0071
-4.357,10.7798,-0.007
8.2235,-12.5337,-0.0069
-4.6107,12.4484,-0.0067
-8.1364,10.8587,-0.0067
-4.4274,12.1502,-0.0067
-4.9121,14.5066,-0.0066
-4.2268,11.8991,-0.0066
8.2576,-13.5061,-0.0065
-4.1877,14.2278,-0.0063
8.0977,-13.9148,-0.0061
-4.0332,13.9615,-0.006
8.183,-13.1897,-0.006
-8.2302,11.1238,-0.0059
8.0217,-12.0437,-0.0058
8.1411,-14.2153,-0.0058
-4.2631,13.6834,-0.0057
-4.426,11.9257,-0.0057
-3.8689,14.6113,-0.0057
-4.4182,12.3922,-0.0056
-4.7219,12.1769,-0.0056
7.7263,-12.252,-0.0056
-4.2641,11.2445,-0.0054
-4.344,14.9067,-0.0053
-7.6994,12.1624,-0.0053
-7.5244,12.0649,-0.0052
-4.0819,13.6327,-0.0051
-4.3033,14.0688,-0.005
-4.2575,15.092,-0.005
-3.9353,13.7885,-0.0049
8.1036,-15.7137,-0.0049
-8.027,12.1062,-0.0048
7.3415,-15.9386,-0.0047
-8.1482,11.7418,-0.0046
-8.1479,14.1079,-0.0045
-8.1521,11.9376,-0.0045
-7.849,12.0309,-0.0044
-4.0081,14.449,-0.0044
-4.006,14.2404,-0.0044
-4.3437,14.3659,-0.0042
8.0237,-12.509,-0.0042
-4.2228,15.7473,-0.0041
-5.8414,15.9345,-0.0041
-4.1949,14.507,-0.004
8.0872,-13.6413,-0.0038
-5.4324,15.9319,-0.0035
-4.1923,14.7717,-0.0033
-6.8072,15.8925,-0.0033
7.8207,-15.8225,-0.0033
-8.0828,11.2849,-0.0032
-8.0457,14.8876,-0.0031
-6.6055,15.8867,-0.003
-4.589,15.8612,-0.0025
-4.8854,15.9083,-0.0022
-8.2277,14.9741,-0.002
-7.6955,16.006,-0.0019
-8.1594,15.7865,-0.0016
-8.1532,15.5826,-0.0014
-4.4287,15.9914,-0.001
-4.7114,16.0267,-0.0009
-8.1517,14.7037,-0.0006
-7.8486,15.8717,-0.0006
-4.3469,14.6399,-0.0005
-8.0921,15.1375,-0.0003
-8.0212,15.9581,-0.0002
-4.4163,15.7735,-0.0002
-8.1821,15.2989,0
-7.5219,15.9148,0
8.0202,-15.8856,0
